post_id,post_title,post_author,post_content,post_category,post_tags,post_type,post_status,is_featured,package_id,expire_date,geodir_video,post_address,post_city,post_region,post_country,post_zip,post_latitude,post_longitude,geodir_timing,geodir_contact,geodir_email,geodir_website,geodir_twitter,geodir_facebook,geodir_video,geodir_special_offers,geodir_Staff,IMAGE,IMAGE,IMAGE,IMAGE,IMAGE
2259,"East-West Health Center",1,"Acupressure, Acupuncture, Addiction Treatments, Allergy Treatments, Biofeedback, Bioidentical Hormones, Blood Chemistry Analysis, Breathwork, Chelation Therapy, Chiropractors, Craniosacral Therapy, EMDR, Guided Imagery, Hair Analysis, Herbology, Homeopathy, Integrative Medicine, KinesiologyLaser Therapy, Life Coaching, Lymphatic Therapy, Magnetic Therapy, Massage, Therapy, Naturopathy, NaturopathyNeurofeedback, NHRT, Nutrition, Psychotherapy, Traditional Chinese Medicine, Tui Na, Wellness Centers","Acupressure,Acupuncture,Addiction Treatments,Allergy Treatments,Biofeedback,Bioidentical Hormones,Blood Chemistry Analysis,Breathwork,Chelation Therapy,Chiropractors,Craniosacral Therapy,EMDR,Guided Imagery,Hair Analysis,Herbology,Homeopathy,Integrative Medicine,KinesiologyLaser Therapy,Life Coaching,Lymphatic Therapy,Magnetic Therapy,Massage,Naturopathy,NaturopathyNeurofeedback,NHRT,Nutrition,Psychotherapy,Therapy,Traditional Chinese Medicine,Tui Na,Wellness Centers",,gd_healers,publish,,4,Never,,"8200 E. Belleview Avenue Suite 202-c. Central Tower","Greenwood Village",Colorado,"United States",80111,39.613,-104.878,,303-694-5757,,,,,,,,,,,,
2258,"Qvius Healing, Arts and Somiatric Wellness Center",1,"Ayurveda, Chiropractors, Craniosacral Therapy, Flower Essences, Herbology,  Homeopathy, Integrative Medicine, KinesiologyMassage Therapy, Naturopathy, NaturopathyNutrition, Reflexology, Traditional Chinese Medicine","Ayurveda,Chiropractors,Craniosacral Therapy,Flower Essences,Herbology,Homeopathy,Integrative Medicine,KinesiologyMassage Therapy,Naturopathy,NaturopathyNutrition,Reflexology,Traditional Chinese Medicine",,gd_healers,publish,,4,Never,,"3817 Sunny Ridge",Nampa,Idaho,"United States",83686,43.634,-116.4491,,208-461-7395,,,,,,,,,,,,
2257,"BioDental Healing",1,"Acupressure, Blood Chemistry Analysis, Chelation Therapy, Craniosacral Therapy, Hair Analysis, Holistic Dentistry, Integrative Medicine, Laser Therapy, Massage, Therapy, Naturopathy, NaturopathyNutrition","Acupressure,Blood Chemistry Analysis,Chelation Therapy,Craniosacral Therapy,Hair Analysis,Holistic Dentistry,Integrative Medicine,Laser Therapy,Massage,Naturopathy,NaturopathyNutrition,Therapy",,gd_healers,publish,,4,Never,,"1000 Newbury Rd. Suite 225","Newbury Park",California,"United States",91320,34.1824386046571,-118.902958139531,,805-375-2233,,,,,,,,,,,,
2256,"The Chakra Shoppe",1,"Aromatherapy, Astrological Counseling, Channeling, Crystal Therapy, Detoxification Foot Bath, Distance Healing, Energy Clearing, Energy Healing,  Flower Essences, Medium,  Metaphysics, Past Life Regression, Psychic, Reiki, Remote Healing, Sound Therapy, Spiritual Counseling","Aromatherapy,Astrological Counseling,Channeling,Crystal Therapy,Detoxification Foot Bath,Distance Healing,Energy Clearing,Energy Healing,Flower Essences,Intuitive / Psychic,Medium,Metaphysics,Past Life Regression,Reiki,Remote Healing,Sound Therapy,Spiritual Counseling",,gd_healers,publish,,4,Never,,"5034 N. Lincoln Ave.",Chicago,Illinois,"United States",60625,41.9726436711639,-87.6913454423797,,773-271-3054,,,,,,,,,,,,
2255,"The Mercy Center",1,"Craniosacral Therapy, EMDR, Healing, Touch, ,Massage Therapy, Meditation, Myofascial Release, Psychotherapy, Reflexology, Somatic Therapy, Spiritual Counseling, Therapeutic Touch, Kinesiology","Craniosacral Therapy,EMDR,Healing,Kinesiology,Massage Therapy,Meditation,Myofascial Release,Psychotherapy,Reflexology,Somatic Therapy,Spiritual Counseling,Therapeutic Touch,Touch",,gd_healers,publish,,4,Never,,"520 West Buena Ventura","Colorado Springs",Colorado,"United States",80907,38.855,-104.815057142857,,719-633-2302,,,,,,,,,,,,
2254,"CDM Spiritual Center",1,"Energy Clearing, Energy Healing,  Meditation, Psychic, Remote Healing","Energy Clearing,Energy Healing,Intuitive / Psychic,Meditation,Remote Healing",,gd_healers,publish,,4,Never,,"2402 Summit Ave",Everett,Washington,"United States",98201,47.9855667905564,-122.184,,425-258-1449,,,,,,,,,,,,
2253,"Alternative Wellness Center",1,"Allergy Treatments, Biofeedback, Breathwork, Colon Therapy, Color Therapy, Crystal Therapy, Detoxification Foot Bath, Distance Healing, Ear Coning, Energy Clearing, Energy Healing,  Feng Shui, Flower Essences, Guided Imagery, Healing, Touch, ,Herbology,  Homeopathy, Hypnotherapy, Integrative Medicine, KinesiologyLaser Therapy, L.I.F.E. System,Life Coaching, Lymphatic Therapy, Massage, Therapy, Medical Intuitive Meditation, Naturopathy, NaturopathyNeuro-Linguistic Programming, Neurofeedback, NHRT,  Nutrition, Polarity Therapy, Pranic Healing, Reflexology, Reiki, Remote Healing, Somatic Therapy, Stone Massage, TAT, Wellness Centers","Allergy Treatments,Biofeedback,Breathwork,Colon Therapy,Color Therapy,Crystal Therapy,Detoxification Foot Bath,Distance Healing,Ear Coning,Energy Clearing,Energy Healing,Feng Shui,Flower Essences,Guided Imagery,Healing,Herbology,Homeopathy,Hypnotherapy,Integrative Medicine,KinesiologyLaser Therapy,L.I.F.E. System,Life Coaching,Lymphatic Therapy,Massage,Medical Intuitive Meditation,Naturopathy,NaturopathyNeuro-Linguistic Programming,Neurofeedback,NHRT,Nutrition,Polarity Therapy,Pranic Healing,Reflexology,Reiki,Remote Healing,Somatic Therapy,Stone Massage,TAT,Therapy,Touch,Wellness Centers",,gd_healers,publish,,4,Never,,"9809 Candelaria NE Suite 1B",Albuquerque,"New Mexico","United States",87112,35.3115,-106.4331,,505-294-9355,,,,,,,,,,,,
2252,"Yo San University",1,"Herbology,  Tai Chi, , Traditional Chinese Medicine","Herbology,Tai Chi,Traditional Chinese Medicine",,gd_healers,publish,,4,Never,,"13315 W. Washington Blvd.","Los Angeles",California,"United States",90066,33.9931097787848,-118.442657879797,,310-577-3006,,,,,,,,,,,,
2251,"The Aura Shop",1,"Addiction Treatments, Allergy Treatments, Angel Readings, Astrological Counseling, Biofeedback, Breathwork, Channeling, Color Therapy, Crystal Therapy, Energy Clearing, Energy Healing,  EPFX/QXCI/SCIO Feng Shui, Guided Imagery, Light Therapy, Life Coaching, Meditation, Nutrition, Past Life Regression, Psychic, Reiki, Sound Therapy, Spiritual Counseling, Theta Healing","Addiction Treatments,Allergy Treatments,Angel Readings,Astrological Counseling,Biofeedback,Breathwork,Channeling,Color Therapy,Crystal Therapy,Energy Clearing,Energy Healing,EPFX/QXCI/SCIO Feng Shui,Guided Imagery,Intuitive / Psychic,Life Coaching,Light Therapy,Meditation,Nutrition,Past Life Regression,Reiki,Sound Therapy,Spiritual Counseling,Theta Healing",,gd_healers,publish,,4,Never,,"2914 Main Street","Santa Monica",California,"United States",90405,33.9990255228475,-118.480834030463,,310-584-9998,,,,,,,,,,,,
2250,"Midwest College of Oriental Medicine",1,"Acupressure, Acupuncture, Herbology,  Integrative Medicine, Magnetic Therapy,  Massage, Therapy, Nutrition, Tai Chi, , Traditional Chinese Medicine, Tui Na","Acupressure,Acupuncture,Herbology,Integrative Medicine,Magnetic Therapy,Massage,Nutrition,Tai Chi,Therapy,Traditional Chinese Medicine,Tui Na",,gd_healers,publish,,4,Never,,"909 West Montrose Suite102",Chicago,Illinois,"United States",60613,41.9569,-87.6543,,773-975-1295,,,,,,,,,,,,
2249,"Tibetan Healing, Center",1,"Astrological Counseling, Breathwork, Channeling, Craniosacral Therapy, Distance Healing, Energy Healing,  Guided Imagery, Massage, Therapy, Past Life Regression, Pranic Healing, Reiki, Remote Healing, Spiritual Counseling, Theta Healing, Tibetan Medicine, Yoga, Yuen Method","Astrological Counseling,Breathwork,Channeling,Craniosacral Therapy,Distance Healing,Energy Healing,Guided Imagery,Massage,Past Life Regression,Pranic Healing,Reiki,Remote Healing,Spiritual Counseling,Therapy,Theta Healing,Tibetan Medicine,Yoga,Yuen Method",,gd_healers,publish,,4,Never,,"475 Gate Five Road #120",Sausalito,California,"United States",94965,37.8529,-122.5472,,800-315-6663,,,,,,,,,,,,
2248,"Inner Connections Yoga, Spa & Wellness Center",1,"Acupressure, Animal Health, Aromatherapy, Breathwork, Craniosacral Therapy, Energy Healing,  Guided Imagery, Healing, Touch, ,Hypnotherapy, Jin Shin Jyutsu, Life Coaching, Lymphatic Therapy, Massage, Therapy, Meditation, Myofascial Release, Past Life Regression, Pilates, Pranic Healing, Raindrop Therapy, Reflexology, Reiki, Shiatsu, Sound Therapy, Stone Massage, Therapeutic Touch, Tibetan Medicine, Wellness Centers, Yoga","Acupressure,Animal Health,Aromatherapy,Breathwork,Craniosacral Therapy,Energy Healing,Guided Imagery,Healing,Hypnotherapy,Jin Shin Jyutsu,Life Coaching,Lymphatic Therapy,Massage,Meditation,Myofascial Release,Past Life Regression,Pilates,Pranic Healing,Raindrop Therapy,Reflexology,Reiki,Shiatsu,Sound Therapy,Stone Massage,Therapeutic Touch,Therapy,Tibetan Medicine,Touch,Wellness Centers,Yoga",,gd_healers,publish,,4,Never,,"821-A North Park Street","Castle Rock",Colorado,"United States",80109,39.3787028037383,-104.8661,,303-688-8598,,,,,,,,,,,,
2247,"AOMA Graduate School of Integrative Medicine",1,"Acupressure, Acupuncture, Chiropractors, Herbology,  Integrative Medicine, Meditation, Nutrition, Reflexology, Tai Chi, , Traditional Chinese Medicine, Tui Na","Acupressure,Acupuncture,Chiropractors,Herbology,Integrative Medicine,Meditation,Nutrition,Reflexology,Tai Chi,Traditional Chinese Medicine,Tui Na",,gd_healers,publish,,4,Never,,"4701 Westgate Blvd. Bldg A.",Austin,Texas,"United States",78745,30.4852,-97.5681,,512-693-4373,,,,,,,,,,,,
2246,"Beauty Kliniek Aromatherapy, Day Spa",1,"Acupressure, Acupuncture, Aromatherapy, Ayurveda, Bioidentical Hormones, Color Therapy, Craniosacral Therapy, Energy Healing,  Guided Imagery, Herbology,  Homeopathy, Integrative Medicine, Laser Therapy, Light Therapy, Lymphatic Therapy, Massage, Therapy, Meditation, Myofascial Release, Naturopathy, NaturopathyNutrition, Pilates, Reflexology, Reiki, Shiatsu, Stone Massage, Water Therapy, Wellness Centers, Yoga","Acupressure,Acupuncture,Aromatherapy,Ayurveda,Bioidentical Hormones,Color Therapy,Craniosacral Therapy,Energy Healing,Guided Imagery,Herbology,Homeopathy,Integrative Medicine,Laser Therapy,Light Therapy,Lymphatic Therapy,Massage,Meditation,Myofascial Release,Naturopathy,NaturopathyNutrition,Pilates,Reflexology,Reiki,Shiatsu,Stone Massage,Therapy,Water Therapy,Wellness Centers,Yoga",,gd_healers,publish,,4,Never,,"3268 Governor Drive","San Diego",California,"United States",92122,32.8513,-117.215353571429,,858-457-0191,,,,,,,,,,,,
2245,AIWP,1,"Acupressure, Addiction Treatments, Distance Healing, EFT/TFT, Energy Clearing, Energy Healing,  Guided Imagery, Hypnotherapy, Integrative Medicine, KinesiologyLife Coaching, Meditation, Metaphysics, Neuro-Linguistic Programming, Past Life Regression, Psychotherapy, Reiki, Remote Healing, Spiritual Counseling, TAT, Wellness Centers","Acupressure,Addiction Treatments,Distance Healing,EFT/TFT,Energy Clearing,Energy Healing,Guided Imagery,Hypnotherapy,Integrative Medicine,KinesiologyLife Coaching,Meditation,Metaphysics,Neuro-Linguistic Programming,Past Life Regression,Psychotherapy,Reiki,Remote Healing,Spiritual Counseling,TAT,Wellness Centers",,gd_healers,publish,,4,Never,,"31708 Nira Lane",Bonsall,California,"United States",92003,33.2873469387755,-117.1694,,949-250-1423,,,,,,,,,,,,
2244,"Healthy Body Healthy Mind and Healthy Income",1,"Allergy Treatments, Distance Healing, Guided Imagery, Herbology,  Hypnotherapy, Integrative Medicine, Meditation, NHRT,  Nutrition, Psychotherapy, Remote Healing, Spiritual Counseling, Traditional Chinese Medicine, Wellness Centers","Allergy Treatments,Distance Healing,Guided Imagery,Herbology,Hypnotherapy,Integrative Medicine,Meditation,NHRT,Nutrition,Psychotherapy,Remote Healing,Spiritual Counseling,Traditional Chinese Medicine,Wellness Centers",,gd_healers,publish,,4,Never,,"541 S. Spring St. Suite 209","Los Angeles",California,"United States",90013,34.0468142857143,-118.250185714286,,800-715-3053,,,,,,,,,,,,
2243,"Institute of Chiropractic & Acupuncture, Therapy",1,"Acupressure, Acupuncture, Aromatherapy, Chiropractors, Color Therapy, Craniosacral Therapy, Detoxification Foot Bath, Electro-dermal Screening, Energy Healing,  Flower Essences, Homeopathy, KinesiologyLaser Therapy, Magnetic Therapy,  Massage, Therapy, Nutrition, Reiki, Sound Therapy, Wellness Centers","Acupressure,Acupuncture,Aromatherapy,Chiropractors,Color Therapy,Craniosacral Therapy,Detoxification Foot Bath,Electro-dermal Screening,Energy Healing,Flower Essences,Homeopathy,KinesiologyLaser Therapy,Magnetic Therapy,Massage,Nutrition,Reiki,Sound Therapy,Therapy,Wellness Centers",,gd_healers,publish,,4,Never,,"1847 West 9000 South Suite 105","West Jordan",Utah,"United States",84088,40.5875,-111.943342105263,,801-567-0557,,,,,,,,,,,,
2242,"East West Bookstore",1,"Acupressure, Akashic Records, Allergy Treatments, Angel Readings, Astrological Counseling, Ayurveda, Channeling, Color Therapy, Crystal Therapy, Distance Healing, Energy Clearing, Energy Healing,  Flower Essences, Guided Imagery, Hypnotherapy, Jin Shin Jyutsu, Life Coaching, Massage, Therapy, Medical Intuitive Meditation, Medium,  Metaphysics, Past Life Regression, Pranic Healing, Psychic, Reiki, Remote Healing, Shamanic Healing, Sound Therapy, Spiritual Counseling, Tui Na","Acupressure,Akashic Records,Allergy Treatments,Angel Readings,Astrological Counseling,Ayurveda,Channeling,Color Therapy,Crystal Therapy,Distance Healing,Energy Clearing,Energy Healing,Flower Essences,Guided Imagery,Hypnotherapy,Intuitive / Psychic,Jin Shin Jyutsu,Life Coaching,Massage,Medical Intuitive Meditation,Medium,Metaphysics,Past Life Regression,Pranic Healing,Reiki,Remote Healing,Shamanic Healing,Sound Therapy,Spiritual Counseling,Therapy,Tui Na",,gd_healers,publish,,4,Never,,"324 Castro Street","Mountain View",California,"United States",94041,37.3923573375494,-122.08010001356,,650-988-9800,,,,,,,,,,,,
2241,"Natures Blessing Inc.",1,"Blood Chemistry Analysis, Craniosacral Therapy, Ear Coning, Energy Healing,  Flower Essences, Healing, Touch, ,Herbology,  Homeopathy, Iridology, KinesiologyMassage Therapy, Naturopathy, NaturopathyNutrition, Reiki, Sclerology, Sound Therapy, Therapeutic Touch, Wellness Centers","Blood Chemistry Analysis,Craniosacral Therapy,Ear Coning,Energy Healing,Flower Essences,Healing,Herbology,Homeopathy,Iridology,KinesiologyMassage Therapy,Naturopathy,NaturopathyNutrition,Reiki,Sclerology,Sound Therapy,Therapeutic Touch,Touch,Wellness Centers",,gd_healers,publish,,4,Never,,"7S380 Arbor Drive",Naperville,Illinois,"United States",60540,41.7588,-88.1648,,630-416-1617,,,,,,,,,,,,
2240,"Academy of Chinese Culture and Health Sciences",1,"Acupressure, Acupuncture, Herbology,  Meditation, Nutrition, Tai Chi, , Traditional Chinese Medicine, Tui Na","Acupressure,Acupuncture,Herbology,Meditation,Nutrition,Tai Chi,Traditional Chinese Medicine,Tui Na",,gd_healers,publish,,4,Never,,"1600 Broadway",Oakland,California,"United States",94612,37.8058797189557,-122.270086533724,,510-763-1299,,,,,,,,,,,,
2239,"Freedman Wellness",1,"Acupressure, Acupuncture, Animal Health, Aromatherapy, Biofeedback, Ear Coning, Energy Healing,  EPFX/QXCI/SCIO Herbology,  Jin Shin Jyutsu, KinesiologyMicroCurrent Myofascial Release, Neurofeedback, Nutrition, Reiki, Sclerology, Traditional Chinese Medicine, Tui Na, Wellness Centers","Acupressure,Acupuncture,Animal Health,Aromatherapy,Biofeedback,Ear Coning,Energy Healing,EPFX/QXCI/SCIO Herbology,Jin Shin Jyutsu,KinesiologyMicroCurrent Myofascial Release,Neurofeedback,Nutrition,Reiki,Sclerology,Traditional Chinese Medicine,Tui Na,Wellness Centers",,gd_healers,publish,,4,Never,,"12520 Magnolia Blvd. Suite 309","North Hollywood",California,"United States",91607,34.1647,-118.405985714286,,818-808-0889,,,,,,,,,,,,
2238,"Institute of Chiropractic & Acupuncture, Therapy",1,"Acupressure, Acupuncture, Aromatherapy, Chiropractors, Color Therapy, Craniosacral Therapy, Detoxification Foot Bath, Electro-dermal Screening, Energy Healing,  Flower Essences, Homeopathy, KinesiologyLaser Therapy, Magnetic Therapy,  Massage, Therapy, Nutrition, Reiki, Sound Therapy, Wellness Centers","Acupressure,Acupuncture,Aromatherapy,Chiropractors,Color Therapy,Craniosacral Therapy,Detoxification Foot Bath,Electro-dermal Screening,Energy Healing,Flower Essences,Homeopathy,KinesiologyLaser Therapy,Magnetic Therapy,Massage,Nutrition,Reiki,Sound Therapy,Therapy,Wellness Centers",,gd_healers,publish,,4,Never,,"1847 West 9000 South Suite 105","West Jordan",Utah,"United States",84088,40.5875,-111.943342105263,,801-567-0557,,,,,,,,,,,,
2237,"Colorado School of Traditional Chinese Medicine",1,"Acupuncture, Herbology,  Qigong Tai Chi, , Traditional Chinese Medicine, Tui Na","Acupuncture,Herbology,Qigong Tai Chi,Traditional Chinese Medicine,Tui Na",,gd_healers,publish,,4,Never,,"1441 York Street",Denver,Colorado,"United States",80206,39.7390530612245,-104.96,,303-329-6355,,,,,,,,,,,,
2236,"Garcia Holistic Center",1,"Animal Health, Ayurveda, Channeling, Chiropractors, Distance Healing, EFT/TFT, Energy Healing,  Guided Imagery, Herbology,  Homeopathy, Integrative Medicine, KinesiologyLife Coaching, Matrix Energetics Medical Intuitive Neuro-Linguistic Programming, Nutrition, Psychic, Reconnective Healing, Remote Healing, Spiritual Counseling, Wellness Centers, Yuen Method","Animal Health,Ayurveda,Channeling,Chiropractors,Distance Healing,EFT/TFT,Energy Healing,Guided Imagery,Herbology,Homeopathy,Integrative Medicine,Intuitive / Psychic,KinesiologyLife Coaching,Matrix Energetics Medical Intuitive Neuro-Linguistic Programming,Nutrition,Reconnective Healing,Remote Healing,Spiritual Counseling,Wellness Centers,Yuen Method",,gd_healers,publish,,4,Never,,"5850 Oberlin Dr. Suite 320","San Diego",California,"United States",92121,32.8921554761287,-117.195933571614,,858-450-9221,,,,,,,,,,,,
2235,"Qvius Healing, Arts and Somiatric Wellness Center",1,"Ayurveda, Chiropractors, Craniosacral Therapy, Flower Essences, Herbology,  Homeopathy, Integrative Medicine, KinesiologyMassage Therapy, Naturopathy, NaturopathyNutrition, Reflexology, Traditional Chinese Medicine","Ayurveda,Chiropractors,Craniosacral Therapy,Flower Essences,Herbology,Homeopathy,Integrative Medicine,KinesiologyMassage Therapy,Naturopathy,NaturopathyNutrition,Reflexology,Traditional Chinese Medicine",,gd_healers,publish,,4,Never,,"6820 La Tijera Blvd. Suite 111","Los Angeles",California,"United States",90045,33.9769059025053,-118.371924855074,,323-290-6159,,,,,,,,,,,,
2234,"Consciousness Of Economics",1,"Acupressure, Acupuncture, Addiction Treatments, Animal Communicator, Animal Health, Aromatherapy, Astrological Counseling, Breathwork, Channeling, Craniosacral Therapy, Crystal Therapy, Distance Healing, Energy Clearing, Energy Healing,  Guided Imagery, Healing, Touch, ,Herbology,  Life Coaching, Medical Intuitive Myofascial Release, Nutrition, Osteopathy, Past Life Regression, Psychic, Rebirthing, Remote Healing, Shamanic Healing, Spiritual Counseling, The Healing Codes, Theta Healing, Yoga","Acupressure,Acupuncture,Addiction Treatments,Animal Communicator,Animal Health,Aromatherapy,Astrological Counseling,Breathwork,Channeling,Craniosacral Therapy,Crystal Therapy,Distance Healing,Energy Clearing,Energy Healing,Guided Imagery,Healing,Herbology,Intuitive / Psychic,Life Coaching,Medical Intuitive Myofascial Release,Nutrition,Osteopathy,Past Life Regression,Rebirthing,Remote Healing,Shamanic Healing,Spiritual Counseling,The Healing Codes,Theta Healing,Touch,Yoga",,gd_healers,publish,,4,Never,,"316 California Ave #29",Reno,Nevada,"United States",89509,39.5201,-119.815121428571,,775-624-7862,,,,,,,,,,,,
2233,"Linda Brewer",1,"Acupressure, Addiction Treatments, Allergy Treatments, Aromatherapy, Distance Healing, Energy Healing,  Healing, Touch, ,Life Coaching, Medical Intuitive Meditation, Metaphysics, Neuro-Linguistic Programming, Raindrop Therapy, Reconnective Healing, Remote Healing, Spiritual Counseling, The Healing, Codes","Acupressure,Addiction Treatments,Allergy Treatments,Aromatherapy,Codes,Distance Healing,Energy Healing,Healing,Life Coaching,Medical Intuitive Meditation,Metaphysics,Neuro-Linguistic Programming,Raindrop Therapy,Reconnective Healing,Remote Healing,Spiritual Counseling,The Healing,Touch",,gd_healers,publish,,4,Never,,"222 Arrowhead Circle",Spartanburg,"South Carolina","United States",29301,34.93235,-81.96725,,864-205-2518,,,,,,,,,,,,
2232,"Lifestreams Healing",1,"Acupressure, Akashic Records, Animal Health, Breathwork, Craniosacral Therapy, Crystal Therapy, Distance Healing, Energy Healing,  Flower Essences, Guided Imagery, Hypnotherapy, KinesiologyLight Therapy, Life Coaching, Lymphatic Therapy, Magnetic Therapy,  Massage, Therapy, Medical Intuitive Meditation, Metaphysics, Nutrition, Past Life Regression, Polarity Therapy, Pranic Healing, Psychotherapy, Reflexology, Reiki, Remote Healing, Shamanic Healing, Shiatsu, Sound Therapy, Spiritual Counseling","Acupressure,Akashic Records,Animal Health,Breathwork,Craniosacral Therapy,Crystal Therapy,Distance Healing,Energy Healing,Flower Essences,Guided Imagery,Hypnotherapy,KinesiologyLight Therapy,Life Coaching,Lymphatic Therapy,Magnetic Therapy,Massage,Medical Intuitive Meditation,Metaphysics,Nutrition,Past Life Regression,Polarity Therapy,Pranic Healing,Psychotherapy,Reflexology,Reiki,Remote Healing,Shamanic Healing,Shiatsu,Sound Therapy,Spiritual Counseling,Therapy",,gd_healers,publish,,4,Never,,"75 South Broadway Suite 464","White Plains","New York","United States",10601,41.0306884903088,-73.7623705032304,,914-815-0593,,,,,,,,,,,,
2231,"Tibetan Healing, Center",1,"Astrological Counseling, Breathwork, Channeling, Craniosacral Therapy, Distance Healing, Energy Healing,  Guided Imagery, Massage, Therapy, Past Life Regression, Pranic Healing, Reiki, Remote Healing, Spiritual Counseling, Theta Healing, Tibetan Medicine, Yoga, Yuen Method","Astrological Counseling,Breathwork,Channeling,Craniosacral Therapy,Distance Healing,Energy Healing,Guided Imagery,Massage,Past Life Regression,Pranic Healing,Reiki,Remote Healing,Spiritual Counseling,Therapy,Theta Healing,Tibetan Medicine,Yoga,Yuen Method",,gd_healers,publish,,4,Never,,"2488 Newport Blvd. Suite 1A","Costa Mesa",California,"United States",92697,33.6706,-117.8883,,800-315-6663,,,,,,,,,,,,
2230,"Natural Therapeutics Holistic Spa",1,"Acupressure, Allergy Treatments, Ayurveda, Biofeedback, Chelation Therapy, Colon Therapy, Color Therapy, Craniosacral Therapy, Detoxification Foot Bath, Distance Healing, Ear Coning, Energy Healing,  EPFX/QXCI/SCIO Flower Essences, Herbology,  Homeopathy, Hyperbaric Oxygen Therapy, Integrative Medicine, Iridology, Light Therapy, Lymphatic Therapy, Magnetic Therapy,  Massage, Therapy, MicroCurrent Naturopathy, NaturopathyNeuro-Linguistic Programming, Neurofeedback, NHRT,  Nutrition, Polarity Therapy, Reflexology, Remote Healing, Shiatsu, Stone Massage, Therapeutic Touch, Water Therapy, Wellness Centers","Acupressure,Allergy Treatments,Ayurveda,Biofeedback,Chelation Therapy,Colon Therapy,Color Therapy,Craniosacral Therapy,Detoxification Foot Bath,Distance Healing,Ear Coning,Energy Healing,EPFX/QXCI/SCIO Flower Essences,Herbology,Homeopathy,Hyperbaric Oxygen Therapy,Integrative Medicine,Iridology,Light Therapy,Lymphatic Therapy,Magnetic Therapy,Massage,MicroCurrent Naturopathy,NaturopathyNeuro-Linguistic Programming,Neurofeedback,NHRT,Nutrition,Polarity Therapy,Reflexology,Remote Healing,Shiatsu,Stone Massage,Therapeutic Touch,Therapy,Water Therapy,Wellness Centers",,gd_healers,publish,,4,Never,,"6340 Camp Bowie Blvd.","Fort Worth",Texas,"United States",76116,32.72695,-97.4194666666667,,817-738-4904,,,,,,,,,,,,
2229,"Whole Health Center",1,"Acupressure, Acupuncture, Allergy Treatments, Bioidentical Hormones, Channeling, Chiropractors, Colon Therapy, Detoxification Foot Bath, Ear Coning, Energy Healing,  Feng Shui, Hypnotherapy, Integrative Medicine, KinesiologyLight Therapy, Magnetic Therapy,  Massage, Therapy, Medical Intuitive Medium,  NAETNaturopathy, NaturopathyNutrition, Past Life Regression, Psychic, Psychotherapy, Reiki, Traditional Chinese Medicine, Wellness Centers, Yuen Method","Acupressure,Acupuncture,Allergy Treatments,Bioidentical Hormones,Channeling,Chiropractors,Colon Therapy,Detoxification Foot Bath,Ear Coning,Energy Healing,Feng Shui,Hypnotherapy,Integrative Medicine,Intuitive / Psychic,KinesiologyLight Therapy,Magnetic Therapy,Massage,Medical Intuitive Medium,NAETNaturopathy,NaturopathyNutrition,Past Life Regression,Psychotherapy,Reiki,Therapy,Traditional Chinese Medicine,Wellness Centers,Yuen Method",,gd_healers,publish,,4,Never,,"9370 S. Colorado Blvd. #A-10","Highlands Ranch",Colorado,"United States",80126,39.545470211128,-104.943703336659,,303-471-9355,,,,,,,,,,,,
2228,"Integrative Medicine, and Biofeedback, Clinic",1,"Allergy Treatments, Aromatherapy, Ayurveda, Biofeedback, Breathwork, Craniosacral Therapy, Flower Essences, Guided Imagery, Herbology,  Homeopathy, Integrative Medicine, Life Coaching, Massage, Therapy, Myofascial Release, Naturopathy, NaturopathyNeurofeedback, NHRT,  Nutrition, Osteopathy, Spiritual Counseling, Wellness Centers","Allergy Treatments,Aromatherapy,Ayurveda,Biofeedback,Breathwork,Craniosacral Therapy,Flower Essences,Guided Imagery,Herbology,Homeopathy,Integrative Medicine,Life Coaching,Massage,Myofascial Release,Naturopathy,NaturopathyNeurofeedback,NHRT,Nutrition,Osteopathy,Spiritual Counseling,Therapy,Wellness Centers",,gd_healers,publish,,4,Never,,"813 East Gate Drive Suite B","Mount Laurel","New Jersey","United States",8054,39.9425572384549,-74.9517816126179,,856-222-9965,,,,,,,,,,,,
2227,"Tibetan Healing, Center",1,"Astrological Counseling, Breathwork, Channeling, Craniosacral Therapy, Distance Healing, Energy Healing,  Guided Imagery, Massage, Therapy, Past Life Regression, Pranic Healing, Reiki, Remote Healing, Spiritual Counseling, Theta Healing, Tibetan Medicine, Yoga, Yuen Method","Astrological Counseling,Breathwork,Channeling,Craniosacral Therapy,Distance Healing,Energy Healing,Guided Imagery,Massage,Past Life Regression,Pranic Healing,Reiki,Remote Healing,Spiritual Counseling,Therapy,Theta Healing,Tibetan Medicine,Yoga,Yuen Method",,gd_healers,publish,,4,Never,,"4115 Third Ave.","San Diego",California,"United States",92103,32.7521625,-117.162,,800-315-6663,,,,,,,,,,,,
2226,"Qvius Healing, Arts and Somiatric Wellness Center",1,"Ayurveda, Chiropractors, Craniosacral Therapy, Flower Essences, Herbology,  Homeopathy, Integrative Medicine, KinesiologyMassage Therapy, Naturopathy, NaturopathyNutrition, Reflexology, Traditional Chinese Medicine","Ayurveda,Chiropractors,Craniosacral Therapy,Flower Essences,Herbology,Homeopathy,Integrative Medicine,KinesiologyMassage Therapy,Naturopathy,NaturopathyNutrition,Reflexology,Traditional Chinese Medicine",,gd_healers,publish,,4,Never,,"760 Warm Springs Avenue",Boise,Idaho,"United States",83712,43.6091164820672,-116.186864073283,,208-342-4215,,,,,,,,,,,,
2225,"Crete Wellness Center",1,"Acupuncture, Chiropractors, Ear Coning, Energy Healing,  Integrative Medicine, Laser Therapy, Lymphatic Therapy, Massage, Therapy, MicroCurrent Naprapathy, Nutrition, Physical/Exercise Therapy, Reflexology, Reiki, Wellness Centers","Acupuncture,Chiropractors,Ear Coning,Energy Healing,Integrative Medicine,Laser Therapy,Lymphatic Therapy,Massage,MicroCurrent Naprapathy,Nutrition,Physical/Exercise Therapy,Reflexology,Reiki,Therapy,Wellness Centers",,gd_healers,publish,,4,Never,,"11244 W. LaPorte Rd.",Mokena,Illinois,"United States",60448,41.5271,-87.8955,,708-478-3818,,,,,,,,,,,,
2224,"Dr. Liangâs Clinic of Chinese Medicine, & Acupuncture,",1,"Acupressure, Acupuncture, Detoxification Foot Bath, Herbology,  MicroCurrent Nutrition, Reflexology, Traditional Chinese Medicine, Tui Na","Acupressure,Acupuncture,Detoxification Foot Bath,Herbology,MicroCurrent Nutrition,Reflexology,Traditional Chinese Medicine,Tui Na",,gd_healers,publish,,4,Never,,"211 Winton Blount Loop",Montgomery,Alabama,"United States",36117,32.3803560387354,-86.1729,,334-612-0969,,,,,,,,,,,,
2223,"AkashicLight Center for Akashic Studies and Meditation",1,"Channeling, Energy Healing,  Guided Imagery, Hypnotherapy, Integrative Medicine, Life Coaching, Meditation, Metaphysics, PSYCH-K, Psychotherapy, Reiki, Spiritual Counseling, Tai Chi,","Channeling,Energy Healing,Guided Imagery,Hypnotherapy,Integrative Medicine,Life Coaching,Meditation,Metaphysics,PSYCH-K,Psychotherapy,Reiki,Spiritual Counseling,Tai Chi",,gd_healers,publish,,4,Never,,"1581 Carol Sue Ave. Suite 211",Gretna,Louisiana,"United States",70056,29.9,-90.0423428571429,,504-392-3498,,,,,,,,,,,,
2222,"Herbs & Angels LLC",1,"Angel Readings, Animal Health, Channeling, Crystal Therapy, Energy Healing,  Guided Imagery, Hypnotherapy, Massage, Therapy, Meditation, Medium,  Metaphysics, Past Life Regression, Psychic, Reconnective Healing, Reflexology, Reiki, Shamanic Healing, Spiritual Counseling","Angel Readings,Animal Health,Channeling,Crystal Therapy,Energy Healing,Guided Imagery,Hypnotherapy,Intuitive / Psychic,Massage,Meditation,Medium,Metaphysics,Past Life Regression,Reconnective Healing,Reflexology,Reiki,Shamanic Healing,Spiritual Counseling,Therapy",,gd_healers,publish,,4,Never,,"1989 A Plainfield Pike","Johnston Rhode",Island,"United States",2919,41.8274,-71.5199,,401-383-2344,,,,,,,,,,,,
2221,"Rocky Mountain Acupuncture, & Wellness",1,"Acupressure, Acupuncture, Allergy Treatments, Aromatherapy, Color Therapy, Ear Coning, Energy Healing,  Flower Essences, Guided Imagery, Herbology,  KinesiologyLife Coaching, Meditation, Metaphysics, NAETReiki, Spiritual Counseling, Traditional Chinese Medicine","Acupressure,Acupuncture,Allergy Treatments,Aromatherapy,Color Therapy,Ear Coning,Energy Healing,Flower Essences,Guided Imagery,Herbology,KinesiologyLife Coaching,Meditation,Metaphysics,NAETReiki,Spiritual Counseling,Traditional Chinese Medicine",,gd_healers,publish,,4,Never,,"3595 S. Teller St. Suite 303",Lakewood,Colorado,"United States",80235,39.6500102040816,-105.0767,,303-232-8490,,,,,,,,,,,,
2220,"Herbs & Angels LLC",1,"Angel Readings, Animal Health, Channeling, Crystal Therapy, Energy Healing,  Guided Imagery, Hypnotherapy, Massage, Therapy, Meditation, Medium,  Metaphysics, Past Life Regression, Psychic, Reconnective Healing, Reflexology, Reiki, Shamanic Healing, Spiritual Counseling","Angel Readings,Animal Health,Channeling,Crystal Therapy,Energy Healing,Guided Imagery,Hypnotherapy,Intuitive / Psychic,Massage,Meditation,Medium,Metaphysics,Past Life Regression,Reconnective Healing,Reflexology,Reiki,Shamanic Healing,Spiritual Counseling,Therapy",,gd_healers,publish,,4,Never,,"1989 A Plainfield Pike","Johnston Rhode",Island,"United States",2919,41.8274,-71.5199,,401-383-2344,,,,,,,,,,,,
2219,"Lenox Healing, Medical PC",1,"Acupressure, Acupuncture, Addiction Treatments, Ayurveda, Biofeedback, Bioidentical Hormones, Breathwork, Detoxification Foot Bath, Energy Clearing, Guided Imagery, Herbology,  Hypnotherapy, Integrative Medicine, Life Coaching, Magnetic Therapy,  Massage, Therapy, Meditation, Naturopathy, NaturopathyNHRT,  Nutrition, Past Life Regression, Stone Massage","Acupressure,Acupuncture,Addiction Treatments,Ayurveda,Biofeedback,Bioidentical Hormones,Breathwork,Detoxification Foot Bath,Energy Clearing,Guided Imagery,Herbology,Hypnotherapy,Integrative Medicine,Life Coaching,Magnetic Therapy,Massage,Meditation,Naturopathy,NaturopathyNHRT,Nutrition,Past Life Regression,Stone Massage,Therapy",,gd_healers,publish,,4,Never,,"194 Riverside Boulevard","New York","New York","United States",10069,40.7781642857143,-73.9887102040816,,212-580-0900,,,,,,,,,,,,
2218,"Alpha Motivation Institute",1,"Energy Healing,  Guided Imagery, Healing, Touch, ,Hypnotherapy, Integrative Medicine, Medical Intuitive Meditation, Metaphysics, Naturopathy, NaturopathyNutrition, Past Life Regression, Psychotherapy, Reflexology, Reiki, Spiritual Counseling, Therapeutic Touch, Traditional Chinese Medicine, Wellness Centers","Energy Healing,Guided Imagery,Healing,Hypnotherapy,Integrative Medicine,Medical Intuitive Meditation,Metaphysics,Naturopathy,NaturopathyNutrition,Past Life Regression,Psychotherapy,Reflexology,Reiki,Spiritual Counseling,Therapeutic Touch,Touch,Traditional Chinese Medicine,Wellness Centers",,gd_healers,publish,,4,Never,,"4664 Jamestown Ave Suite 140-C","Baton Rouge",Louisiana,"United States",70808,30.4209934745053,-91.1381258253862,,225-924-0604,,,,,,,,,,,,
2217,"Dr. Fiquet Hanna Duckworth D.O.M.",1,"Acupressure, Acupuncture, Allergy Treatments, Biofeedback, Bioidentical Hormones, Blood Chemistry Analysis, Energy Healing,  Herbology,  Homeopathy, Integrative Medicine, Myofascial Release, NAETNeurofeedback, NHRT,  Nutrition, Shiatsu, Traditional Chinese Medicine, Wellness Centers","Acupressure,Acupuncture,Allergy Treatments,Biofeedback,Bioidentical Hormones,Blood Chemistry Analysis,Energy Healing,Herbology,Homeopathy,Integrative Medicine,Myofascial Release,NAETNeurofeedback,NHRT,Nutrition,Shiatsu,Traditional Chinese Medicine,Wellness Centers",,gd_healers,publish,,4,Never,,"1510 S. St. Francis Dr.","Santa Fe","New Mexico","United States",87505,35.6639791094555,-105.9564,,505-982-9626,,,,,,,,,,,,
2216,"Natural Health Centre",1,"Energy Healing,  Guided Imagery, Hair Analysis, Herbology,  Homeopathy, Integrative Medicine, KinesiologyLife Coaching, Lymphatic Therapy, Magnetic Therapy,  Massage, Therapy, Meditation, Naturopathy, NaturopathyNHRT,  Nutrition, Spiritual Counseling, Wellness Centers","Energy Healing,Guided Imagery,Hair Analysis,Herbology,Homeopathy,Integrative Medicine,KinesiologyLife Coaching,Lymphatic Therapy,Magnetic Therapy,Massage,Meditation,Naturopathy,NaturopathyNHRT,Nutrition,Spiritual Counseling,Therapy,Wellness Centers",,gd_healers,publish,,4,Never,,"30100 Crown Valley Pkwy Suite 35","Laguna Niguel",California,"United States",92677,33.5265,-117.7114,,949-218-8788,,,,,,,,,,,,
2215,"Alpha Motivation Institute",1,"Energy Healing,  Guided Imagery, Healing, Touch, ,Hypnotherapy, Integrative Medicine, Medical Intuitive Meditation, Metaphysics, Naturopathy, NaturopathyNutrition, Past Life Regression, Psychotherapy, Reflexology, Reiki, Spiritual Counseling, Therapeutic Touch, Traditional Chinese Medicine, Wellness Centers","Energy Healing,Guided Imagery,Healing,Hypnotherapy,Integrative Medicine,Medical Intuitive Meditation,Metaphysics,Naturopathy,NaturopathyNutrition,Past Life Regression,Psychotherapy,Reflexology,Reiki,Spiritual Counseling,Therapeutic Touch,Touch,Traditional Chinese Medicine,Wellness Centers",,gd_healers,publish,,4,Never,,"4664 Jamestown Ave Suite 140-C","Baton Rouge",Louisiana,"United States",70808,30.4209934745053,-91.1381258253862,,225-924-0604,,,,,,,,,,,,
2214,"Florida College of Integrative Medicine",1,"Acupressure, Acupuncture, Chiropractors, Distance Healing, Energy Healing,  Herbology,  Homeopathy, Integrative Medicine, Massage, Therapy, Naturopathy, NaturopathyOsteopathy, Reiki, Remote Healing, Sclerology, Shiatsu, Tai Chi, , Traditional Chinese Medicine, Tui Na","Acupressure,Acupuncture,Chiropractors,Distance Healing,Energy Healing,Herbology,Homeopathy,Integrative Medicine,Massage,Naturopathy,NaturopathyOsteopathy,Reiki,Remote Healing,Sclerology,Shiatsu,Tai Chi,Therapy,Traditional Chinese Medicine,Tui Na",,gd_healers,publish,,4,Never,,"7100 Lake Ellenor Dr.",Orlando,Florida,"United States",32809,28.4632748326427,-81.4015625836786,,407-888-8689,,,,,,,,,,,,
2213,"Advanced Theta Practitioner",1,"Addiction Treatments, Allergy Treatments, Angel Readings, Animal Communicator, Animal Health, Art Therapy, Astrological Counseling, Biofeedback, Channeling, Craniosacral Therapy, Distance Healing, Ear Coning, EFT/TFT, Emotion Code, Energy Clearing, Energy Healing,  EPFX/QXCI/SCIO Guided Imagery, Hypnotherapy, Integrative Medicine, KinesiologyLife Coaching, Matrix Energetics Medical Intuitive Meditation, Medium,  Metaphysics, Myofascial Release, Neurofeedback, Nutrition, Polarity Therapy, Psychic, Psychotherapy, Reconnective Healing, Reiki, Remote Healing, Shamanic Healing, Sound Therapy, Spiritual Counseling, The Healing Codes, Theta Healing, Wellness Centers, Yuen Method","Addiction Treatments,Allergy Treatments,Angel Readings,Animal Communicator,Animal Health,Art Therapy,Astrological Counseling,Biofeedback,Channeling,Craniosacral Therapy,Distance Healing,Ear Coning,EFT/TFT,Emotion Code,Energy Clearing,Energy Healing,EPFX/QXCI/SCIO Guided Imagery,Hypnotherapy,Integrative Medicine,Intuitive / Psychic,KinesiologyLife Coaching,Matrix Energetics Medical Intuitive Meditation,Medium,Metaphysics,Myofascial Release,Neurofeedback,Nutrition,Polarity Therapy,Psychotherapy,Reconnective Healing,Reiki,Remote Healing,Shamanic Healing,Sound Therapy,Spiritual Counseling,The Healing Codes,Theta Healing,Wellness Centers,Yuen Method",,gd_healers,publish,,4,Never,,"5201 Seminole Blvd Suite Three","Saint Petersburg",Florida,"United States",33708,27.8176,-82.8011,,727-678-0557,,,,,,,,,,,,
2212,"Whole Health Center",1,"Acupressure, Acupuncture, Allergy Treatments, Bioidentical Hormones, Channeling, Chiropractors, Colon Therapy, Detoxification Foot Bath, Ear Coning, Energy Healing,  Feng Shui, Hypnotherapy, Integrative Medicine, KinesiologyLight Therapy, Magnetic Therapy,  Massage, Therapy, Medical Intuitive Medium,  NAETNaturopathy, NaturopathyNutrition, Past Life Regression, Psychic, Psychotherapy, Reiki, Traditional Chinese Medicine, Wellness Centers, Yuen Method","Acupressure,Acupuncture,Allergy Treatments,Bioidentical Hormones,Channeling,Chiropractors,Colon Therapy,Detoxification Foot Bath,Ear Coning,Energy Healing,Feng Shui,Hypnotherapy,Integrative Medicine,Intuitive / Psychic,KinesiologyLight Therapy,Magnetic Therapy,Massage,Medical Intuitive Medium,NAETNaturopathy,NaturopathyNutrition,Past Life Regression,Psychotherapy,Reiki,Therapy,Traditional Chinese Medicine,Wellness Centers,Yuen Method",,gd_healers,publish,,4,Never,,"9075 Forsstrom Drive","Lone Tree",Colorado,"United States",80124,39.5512,-104.8855,,303-470-1995,,,,,,,,,,,,
2211,"New Day Hypnotherapy, LLC",1,"Guided Imagery, Hypnotherapy, Life Coaching, Meditation, Neuro-Linguistic Programming, Past Life Regression, TAT","Guided Imagery,Hypnotherapy,Life Coaching,Meditation,Neuro-Linguistic Programming,Past Life Regression,TAT",,gd_healers,publish,,4,Never,,"6811 Shawnee Mission Parkway","Overland Park",Kansas,"United States",66202,39.0149,-94.664901010101,,913-908-6907,,,,,,,,,,,,
2210,"Alabama Oriental Medical Arts",1,"Allergy Treatments, Herbology,  Traditional Chinese Medicine","Allergy Treatments,Herbology,Traditional Chinese Medicine",,gd_healers,publish,,4,Never,,"603 37th Street South",Birmingham,Alabama,"United States",35222,33.5183761578843,-86.7773,,205-324-6003,,,,,,,,,,,,
2209,"The Center for Advanced Medicine",1,"Allergy Treatments, Bioidentical Hormones, BioMeridian Testing, Blood Chemistry Analysis, Chelation Therapy, Chiropractors, Colon Therapy, Craniosacral Therapy, Holistic Dentistry, Homeopathy, Integrative Medicine, KinesiologyLymphatic Therapy, Massage, Therapy, Myofascial Release, NAETNHRT,  Nutrition, Osteopathy, Thermography","Allergy Treatments,Bioidentical Hormones,BioMeridian Testing,Blood Chemistry Analysis,Chelation Therapy,Chiropractors,Colon Therapy,Craniosacral Therapy,Holistic Dentistry,Homeopathy,Integrative Medicine,KinesiologyLymphatic Therapy,Massage,Myofascial Release,NAETNHRT,Nutrition,Osteopathy,Therapy,Thermography",,gd_healers,publish,,4,Never,,"4403 Manchester Ave. Suite 107",Encinitas,California,"United States",92024,33.0356921822512,-117.239269272583,,760-632-9042,,,,,,,,,,,,
2208,"Renewed Health Associates",1,"Acupressure, Aromatherapy, Ayurveda, Biofeedback, Colon Therapy, Detoxification Foot Bath, Ear Coning, Emotion Code, Flower Essences, Hair Analysis, Homeopathy, Iridology, Light Therapy, Lymphatic Therapy, Naturopathy, NaturopathyReams Testing, Thermography, Wellness Centers","Acupressure,Aromatherapy,Ayurveda,Biofeedback,Colon Therapy,Detoxification Foot Bath,Ear Coning,Emotion Code,Flower Essences,Hair Analysis,Homeopathy,Iridology,Light Therapy,Lymphatic Therapy,Naturopathy,NaturopathyReams Testing,Thermography,Wellness Centers",,gd_healers,publish,,4,Never,,"30320 Rancho Viejo Rd Ste 102","San Juan Capistrano",California,"United States",92675,33.5221705920738,-117.665516473659,,949-275-8380,,,,,,,,,,,,
2207,"Healing, Alternatives",1,"Acupressure, Acupuncture, Allergy Treatments, Bioidentical Hormones, Blood Chemistry Analysis, Detoxification Foot Bath, Energy Healing,  Flower Essences, Hair Analysis, Herbology,  Homeopathy, Integrative Medicine, KinesiologyLymphatic Therapy, Massage, Therapy, Myofascial Release, Naturopathy, NaturopathyNeurofeedback, NHRT,  Nutrition, Past Life Regression, Shamanic Healing, Thermography, Traditional Chinese Medicine, Wellness Centers","Acupressure,Acupuncture,Allergy Treatments,Bioidentical Hormones,Blood Chemistry Analysis,Detoxification Foot Bath,Energy Healing,Flower Essences,Hair Analysis,Herbology,Homeopathy,Integrative Medicine,KinesiologyLymphatic Therapy,Massage,Myofascial Release,Naturopathy,NaturopathyNeurofeedback,NHRT,Nutrition,Past Life Regression,Shamanic Healing,Therapy,Thermography,Traditional Chinese Medicine,Wellness Centers",,gd_healers,publish,,4,Never,,"125 West Pineview St. Suite 1009","Altamonte Springs",Florida,"United States",32714,28.6802,-81.3901285714286,,407-682-7111,,,,,,,,,,,,
2206,"Manhattan Hypnosis",1,"Guided Imagery, Hypnotherapy, Life Coaching, Neuro-Linguistic Programming, Past Life Regression, Spiritual Counseling","Guided Imagery,Hypnotherapy,Life Coaching,Neuro-Linguistic Programming,Past Life Regression,Spiritual Counseling",,gd_healers,publish,,4,Never,,"750 Thrid Ave Suite 933","New York","New York","United States",10017,40.7538480368799,-73.9724036442559,,917-923-6772,,,,,,,,,,,,
2205,"Crete Wellness Center",1,"Acupuncture, Chiropractors, Ear Coning, Energy Healing,  Integrative Medicine, Laser Therapy, Lymphatic Therapy, Massage, Therapy, MicroCurrent Naprapathy, Nutrition, Physical/Exercise Therapy, Reflexology, Reiki, Wellness Centers","Acupuncture,Chiropractors,Ear Coning,Energy Healing,Integrative Medicine,Laser Therapy,Lymphatic Therapy,Massage,MicroCurrent Naprapathy,Nutrition,Physical/Exercise Therapy,Reflexology,Reiki,Therapy,Wellness Centers",,gd_healers,publish,,4,Never,,"1395-B Main St. Suite B",Crete,Illinois,"United States",60417,41.4429,-87.631,,708-672-6744,,,,,,,,,,,,
2204,Thriveology,1,"Bioidentical Hormones, Blood Chemistry Analysis, Breathwork, Chelation Therapy, Chiropractors, Craniosacral Therapy, Energy Healing,  Feng Shui, Healing, Touch, ,Herbology,  Homeopathy, Integrative Medicine, Jin Shin Jyutsu, Massage, Therapy, Matrix Energetics Meditation, Metaphysics, Myofascial Release, Naturopathy, NaturopathyNHRT,  Nutrition, Reiki, Somatic Therapy, Traditional Chinese Medicine, Tui Na, Wellness Centers, Yoga","Bioidentical Hormones,Blood Chemistry Analysis,Breathwork,Chelation Therapy,Chiropractors,Craniosacral Therapy,Energy Healing,Feng Shui,Healing,Herbology,Homeopathy,Integrative Medicine,Jin Shin Jyutsu,Massage,Matrix Energetics Meditation,Metaphysics,Myofascial Release,Naturopathy,NaturopathyNHRT,Nutrition,Reiki,Somatic Therapy,Therapy,Touch,Traditional Chinese Medicine,Tui Na,Wellness Centers,Yoga",,gd_healers,publish,,4,Never,,"7120 E. Hampden Ave. Suite B",Denver,Colorado,"United States",80224,39.6529,-104.907551851852,,303-636-0000,,,,,,,,,,,,
2203,"New Genesis Health with The Green Herb and Cass Chiropractic",1,"Blood Chemistry Analysis, Chiropractors, Herbology,  Massage, Therapy, Nutrition, Wellness Centers","Blood Chemistry Analysis,Chiropractors,Herbology,Massage,Nutrition,Therapy,Wellness Centers",,gd_healers,publish,,4,Never,,"4565 Kipling St.","Wheat Ridge",Colorado,"United States",80033,39.7800582089552,-105.1098,,303-421-9900,,,,,,,,,,,,
2202,"Eastern School of Acupuncture, and Traditional Medicine",1,"Herbology,  Massage, Therapy, Nutrition, Tai Chi, , Traditional Chinese Medicine, Tui Na","Herbology,Massage,Nutrition,Tai Chi,Therapy,Traditional Chinese Medicine,Tui Na",,gd_healers,publish,,4,Never,,"427 Bloomfield Ave. 3rd Floor","Montclair New",Jersey,"United States",7042,40.8133113461757,-74.2164440265077,,973-746-2848,,,,,,,,,,,,
2201,"Whole Health Center",1,"Acupressure, Acupuncture, Allergy Treatments, Bioidentical Hormones, Channeling, Chiropractors, Colon Therapy, Detoxification Foot Bath, Ear Coning, Energy Healing,  Feng Shui, Hypnotherapy, Integrative Medicine, KinesiologyLight Therapy, Magnetic Therapy,  Massage, Therapy, Medical Intuitive Medium,  NAETNaturopathy, NaturopathyNutrition, Past Life Regression, Psychic, Psychotherapy, Reiki, Traditional Chinese Medicine, Wellness Centers, Yuen Method","Acupressure,Acupuncture,Allergy Treatments,Bioidentical Hormones,Channeling,Chiropractors,Colon Therapy,Detoxification Foot Bath,Ear Coning,Energy Healing,Feng Shui,Hypnotherapy,Integrative Medicine,Intuitive / Psychic,KinesiologyLight Therapy,Magnetic Therapy,Massage,Medical Intuitive Medium,NAETNaturopathy,NaturopathyNutrition,Past Life Regression,Psychotherapy,Reiki,Therapy,Traditional Chinese Medicine,Wellness Centers,Yuen Method",,gd_healers,publish,,4,Never,,"4260 S. Wadsworth Blvd.",Littleton,Colorado,"United States",80123,39.616,-105.0694,,303-980-4260,,,,,,,,,,,,
2200,"Dr. James E. Miles FAM CTN ND",1,"Acupressure, Ayurveda, Chelation Therapy, Craniosacral Therapy, EFT/TFT, Energy Healing,  Healing, Touch, ,Herbology,  Homeopathy, Iridology, KinesiologyLife Coaching, Massage, Therapy, Medical Intuitive Naturopathy, NaturopathyNutrition, Reflexology, Therapeutic Touch, Traditional Chinese Medicine, Wellness Centers","Acupressure,Ayurveda,Chelation Therapy,Craniosacral Therapy,EFT/TFT,Energy Healing,Healing,Herbology,Homeopathy,Iridology,KinesiologyLife Coaching,Massage,Medical Intuitive Naturopathy,NaturopathyNutrition,Reflexology,Therapeutic Touch,Therapy,Touch,Traditional Chinese Medicine,Wellness Centers",,gd_healers,publish,,4,Never,,"1811 N. Austin Avenue Suite 203",Georgetown,Texas,"United States",78626,30.6600522420629,-97.668438434135,,512-868-9867,,,,,,,,,,,,
2199,"Arlington Chiropractic Clinic PC",1,"Acupressure, Acupuncture, Allergy Treatments, Bioidentical Hormones, Blood Chemistry Analysis, Chiropractors, Integrative Medicine, NHRT,  Nutrition, Wellness Centers","Acupressure,Acupuncture,Allergy Treatments,Bioidentical Hormones,Blood Chemistry Analysis,Chiropractors,Integrative Medicine,NHRT,Nutrition,Wellness Centers",,gd_healers,publish,,4,Never,,"1702 W. Campbell St.","Arlington Heights",Illinois,"United States",60005,42.0827,-88.0038013422819,,847-259-4493,,,,,,,,,,,,
2198,"Holistic Osteopathic Physician",1,"Allergy Treatments, Bioidentical Hormones, Craniosacral Therapy, Flower Essences, Herbology,  Homeopathy, Integrative Medicine, Lymphatic Therapy, Myofascial Release, NHRT,  Nutrition, Osteopathy, Wellness Centers","Allergy Treatments,Bioidentical Hormones,Craniosacral Therapy,Flower Essences,Herbology,Homeopathy,Integrative Medicine,Lymphatic Therapy,Myofascial Release,NHRT,Nutrition,Osteopathy,Wellness Centers",,gd_healers,publish,,4,Never,,"71 Walnut Road","Glen Cove","New York","United States",11542,40.8688,-73.6199,,516-671-5017,,,,,,,,,,,,
2197,"The Way To Balance",1,"Acupressure, Aromatherapy, Color Therapy, Craniosacral Therapy, Crystal Therapy, Distance Healing, Ear Coning, Energy Healing,  Guided Imagery, Hypnotherapy, Light Therapy, Lymphatic Therapy, Massage, Therapy, Medical Intuitive Myofascial Release, Nutrition, Past Life Regression, Remote Healing, Shiatsu, Somatic Therapy, Sound Therapy, Spiritual Counseling, Stone Massage, Water Therapy, Wellness Centers","Acupressure,Aromatherapy,Color Therapy,Craniosacral Therapy,Crystal Therapy,Distance Healing,Ear Coning,Energy Healing,Guided Imagery,Hypnotherapy,Light Therapy,Lymphatic Therapy,Massage,Medical Intuitive Myofascial Release,Nutrition,Past Life Regression,Remote Healing,Shiatsu,Somatic Therapy,Sound Therapy,Spiritual Counseling,Stone Massage,Therapy,Water Therapy,Wellness Centers",,gd_healers,publish,,4,Never,,"21 Water St. FL 2",Amesbury,Massachusetts,"United States",1913,42.8572576649614,-70.9295405076738,,978-834-0341,,,,,,,,,,,,
2196,"San Diego Fertility Acupuncture,",1,"Acupressure, Acupuncture, Energy Healing,  Herbology,  Integrative Medicine, Nutrition, Traditional Chinese Medicine, Tui Na, Wellness Centers","Acupressure,Acupuncture,Energy Healing,Herbology,Integrative Medicine,Nutrition,Traditional Chinese Medicine,Tui Na,Wellness Centers",,gd_healers,publish,,4,Never,,"1991 Village Park Way Suite 203 B",Encinitas,California,"United States",92024,33.056,-117.2599,,888-341-1511,,,,,,,,,,,,
2195,AIWP,1,"Acupressure, Addiction Treatments, Distance Healing, EFT/TFT, Energy Clearing, Energy Healing,  Guided Imagery, Hypnotherapy, Integrative Medicine, KinesiologyLife Coaching, Meditation, Metaphysics, Neuro-Linguistic Programming, Past Life Regression, Psychotherapy, Reiki, Remote Healing, Spiritual Counseling, TAT, Wellness Centers","Acupressure,Addiction Treatments,Distance Healing,EFT/TFT,Energy Clearing,Energy Healing,Guided Imagery,Hypnotherapy,Integrative Medicine,KinesiologyLife Coaching,Meditation,Metaphysics,Neuro-Linguistic Programming,Past Life Regression,Psychotherapy,Reiki,Remote Healing,Spiritual Counseling,TAT,Wellness Centers",,gd_healers,publish,,4,Never,,"5001 Birch St.","Newport Beach",California,"United States",92660,33.6668693331868,-117.859401411147,,949-250-1423,,,,,,,,,,,,
2194,"Quantum Biofeedback",1,"Acupressure, Allergy Treatments, Biofeedback, Bioidentical Hormones, BioMeridian Testing, Color Therapy, Distance Healing, Energy Clearing, Energy Healing,  Homeopathy, Matrix Energetics Meditation, Neuro-Linguistic Programming, Neurofeedback, NHRT,  Nutrition, Remote Healing, Spiritual Counseling, Wellness Centers","Acupressure,Allergy Treatments,Biofeedback,Bioidentical Hormones,BioMeridian Testing,Color Therapy,Distance Healing,Energy Clearing,Energy Healing,Homeopathy,Matrix Energetics Meditation,Neuro-Linguistic Programming,Neurofeedback,NHRT,Nutrition,Remote Healing,Spiritual Counseling,Wellness Centers",,gd_healers,publish,,4,Never,,"447 S. Robertson Blvd. Suite 203A","Beverly Hills",California,"United States",90211,34.0717,-118.3838,,310-888-1177,,,,,,,,,,,,
2193,"Pathway to New Beginnings",1,"Hypnotherapy, Past Life Regression, Reiki, Theta Healing","Hypnotherapy,Past Life Regression,Reiki,Theta Healing",,gd_healers,publish,,4,Never,,"2620 S Parker Rd. Suite 370",Aurora,Colorado,"United States",80014,39.6705396039599,-104.865379246925,,303-596-6929,,,,,,,,,,,,
2192,"Possibilities Hypnosis Center",1,"Guided Imagery, Hypnotherapy, Life Coaching, Meditation, Past Life Regression","Guided Imagery,Hypnotherapy,Life Coaching,Meditation,Past Life Regression",,gd_healers,publish,,4,Never,,"1460 Fall River Ave #6",Seekonk,Massachusetts,"United States",2771,41.7877213960169,-71.3184317325187,,508-336-4242,,,,,,,,,,,,
2191,"Alt Med Services",1,"Biofeedback, Craniosacral Therapy, Electro-dermal Screening, Herbology,  Homeopathy, Lymphatic Therapy, Massage, Therapy, Naturopathy, NaturopathyNutrition, Therapeutic Touch","Biofeedback,Craniosacral Therapy,Electro-dermal Screening,Herbology,Homeopathy,Lymphatic Therapy,Massage,Naturopathy,NaturopathyNutrition,Therapeutic Touch,Therapy",,gd_healers,publish,,4,Never,,"8035 Black Hawk Rd. Suite 3","Black Hawk","South Dakota","United States",57718,44.1578,-103.3136,,605-343-2682,,,,,,,,,,,,
2190,"New York College of Traditional Chinese Medicine",1,"Herbology,  Traditional Chinese Medicine","Herbology,Traditional Chinese Medicine",,gd_healers,publish,,4,Never,,"155 First St",Mineola,"New York","United States",11501,40.7426298299352,-73.6385869290084,,516-739-1545,,,,,,,,,,,,
2189,"Dr. Gary Wiele DDS",1,"Holistic Dentistry","Holistic Dentistry",,gd_healers,publish,,4,Never,,"950 Francis Place Suite 311",Clayton,Missouri,"United States",63105,38.6395,-90.3458,,314-726-2265,,,,,,,,,,,,
2188,"SomaVeda College of Natural Medicine",1,"Acupressure, Acupuncture, Addiction Treatments, Allergy Treatments, Aromatherapy, Astrological Counseling, Ayurveda, Breathwork, Colon Therapy, Craniosacral Therapy, Crystal Therapy, Detoxification Foot Bath, Distance Healing, Ear Coning, Energy Healing,  Feng Shui, Flower Essences, Herbology,  Homeopathy, Integrative Medicine, Iridology, KinesiologyLaser Therapy, Light Therapy, Life Coaching, Lymphatic Therapy, Magnetic Therapy,  Massage, Therapy, Myofascial Release, Naprapathy, Naturopathy, NaturopathyNutrition, Polarity Therapy, Reflexology, Reiki, Remote Healing, Shamanic Healing, Somatic Therapy, Spiritual Counseling, Tibetan Medicine, Traditional Chinese Medicine, Wellness Centers, Yoga","Acupressure,Acupuncture,Addiction Treatments,Allergy Treatments,Aromatherapy,Astrological Counseling,Ayurveda,Breathwork,Colon Therapy,Craniosacral Therapy,Crystal Therapy,Detoxification Foot Bath,Distance Healing,Ear Coning,Energy Healing,Feng Shui,Flower Essences,Herbology,Homeopathy,Integrative Medicine,Iridology,KinesiologyLaser Therapy,Life Coaching,Light Therapy,Lymphatic Therapy,Magnetic Therapy,Massage,Myofascial Release,Naprapathy,Naturopathy,NaturopathyNutrition,Polarity Therapy,Reflexology,Reiki,Remote Healing,Shamanic Healing,Somatic Therapy,Spiritual Counseling,Therapy,Tibetan Medicine,Traditional Chinese Medicine,Wellness Centers,Yoga",,gd_healers,publish,,4,Never,,"4715 Bruton Rd.",Tampa,Florida,"United States",33565,28.1088,-82.184025,,706-358-8646,,,,,,,,,,,,
2187,"Dr. James E. Miles FAM CTN ND",1,"Acupressure, Ayurveda, Chelation Therapy, Craniosacral Therapy, EFT/TFT, Energy Healing,  Healing, Touch, ,Herbology,  Homeopathy, Iridology, KinesiologyLife Coaching, Massage, Therapy, Medical Intuitive Naturopathy, NaturopathyNutrition, Reflexology, Therapeutic Touch, Traditional Chinese Medicine, Wellness Centers","Acupressure,Ayurveda,Chelation Therapy,Craniosacral Therapy,EFT/TFT,Energy Healing,Healing,Herbology,Homeopathy,Iridology,KinesiologyLife Coaching,Massage,Medical Intuitive Naturopathy,NaturopathyNutrition,Reflexology,Therapeutic Touch,Therapy,Touch,Traditional Chinese Medicine,Wellness Centers",,gd_healers,publish,,4,Never,,"1811 N. Austin Avenue Suite 203",Georgetown,Texas,"United States",78626,30.6600522420629,-97.668438434135,,512-868-9867,,,,,,,,,,,,
2186,"Dragon Rises College of Oriental Medicine",1,"Acupressure, Acupuncture, Herbology,  Nutrition, Traditional Chinese Medicine, Tui Na","Acupressure,Acupuncture,Herbology,Nutrition,Traditional Chinese Medicine,Tui Na",,gd_healers,publish,,4,Never,,"1000 NE 16th Ave.",Gainesville,Florida,"United States",32601,29.6668,-82.3131928571429,,352-371-2833,,,,,,,,,,,,
2185,"Advanced Muscular Therapies of Denver",1,"Acupressure, Craniosacral Therapy, Energy Healing,  Jin Shin Jyutsu, Massage, Therapy, Medical Intuitive Myofascial Release, Reflexology, Shiatsu, Tui Na","Acupressure,Craniosacral Therapy,Energy Healing,Jin Shin Jyutsu,Massage,Medical Intuitive Myofascial Release,Reflexology,Shiatsu,Therapy,Tui Na",,gd_healers,publish,,4,Never,,"3021 S. Grape Way",Denver,Colorado,"United States",80222,39.664195345157,-104.924821279376,,303-759-1966,,,,,,,,,,,,
2184,"Midwest College of Oriental Medicine",1,"Acupressure, Acupuncture, Herbology,  Integrative Medicine, Magnetic Therapy,  Massage, Therapy, Nutrition, Tai Chi, , Traditional Chinese Medicine, Tui Na","Acupressure,Acupuncture,Herbology,Integrative Medicine,Magnetic Therapy,Massage,Nutrition,Tai Chi,Therapy,Traditional Chinese Medicine,Tui Na",,gd_healers,publish,,4,Never,,"6232 Bankers Rd.",Racine,Wisconsin,"United States",53403,42.677339411772,-87.8571565690595,,262-554-3278,,,,,,,,,,,,
2183,"A.R.E. Health Center & Spa",1,"Acupressure, Acupuncture, Aromatherapy, Breathwork, Chiropractors, Colon Therapy, Craniosacral Therapy, EFT/TFT, EMDR, Energy Healing,  Guided Imagery, Hypnotherapy, Iridology, Lymphatic Therapy, Massage, Therapy, Myofascial Release, Natural Skin Treatments Nutrition, Past Life Regression, Psychotherapy, Reflexology, Reiki, Sound Therapy, Spiritual Counseling, Therapeutic Touch, Traditional Chinese Medicine, Tui Na, Water Therapy, Wellness Centers","Acupressure,Acupuncture,Aromatherapy,Breathwork,Chiropractors,Colon Therapy,Craniosacral Therapy,EFT/TFT,EMDR,Energy Healing,Guided Imagery,Hypnotherapy,Iridology,Lymphatic Therapy,Massage,Myofascial Release,Natural Skin Treatments Nutrition,Past Life Regression,Psychotherapy,Reflexology,Reiki,Sound Therapy,Spiritual Counseling,Therapeutic Touch,Therapy,Traditional Chinese Medicine,Tui Na,Water Therapy,Wellness Centers",,gd_healers,publish,,4,Never,,"215 67th Street","Virginia Beach",Virginia,"United States",23451,36.8923533333333,-75.9895566666667,,757-437-7202,,,,,,,,,,,,
2182,"AIH Complementary Medicine",1,"Addiction Treatments, Allergy Treatments, Animal Health, Chiropractors, Hair Analysis, Herbology,  Homeopathy, Integrative Medicine, Laser Therapy, Light Therapy, Lymphatic Therapy, Massage, Therapy, Myofascial Release, Naprapathy, Naturopathy, NaturopathyNHRT,  Thermography, Traditional Chinese Medicine, Yoga","Addiction Treatments,Allergy Treatments,Animal Health,Chiropractors,Hair Analysis,Herbology,Homeopathy,Integrative Medicine,Laser Therapy,Light Therapy,Lymphatic Therapy,Massage,Myofascial Release,Naprapathy,Naturopathy,NaturopathyNHRT,Therapy,Thermography,Traditional Chinese Medicine,Yoga",,gd_healers,publish,,4,Never,,"418 W. Meadows Drive",Freeport,Illinois,"United States",61032,42.2771,-89.6244,,815-297-0889,,,,,,,,,,,,
2181,"Susie Hayes MA CCHT CST CNLP",1,"Energy Healing,  Guided Imagery, Hypnotherapy, Life Coaching, Meditation, Neuro-Linguistic Programming, Past Life Regression, Psychotherapy, Spiritual Counseling, Theta Healing","Energy Healing,Guided Imagery,Hypnotherapy,Life Coaching,Meditation,Neuro-Linguistic Programming,Past Life Regression,Psychotherapy,Spiritual Counseling,Theta Healing",,gd_healers,publish,,4,Never,,"7853 E Arapahoe Ct Suite 2600",Centennial,Colorado,"united States",80112,39.5942,-104.897500556832,,303-745-1816,,,,,,,,,,,,
2180,"Possibilities Hypnosis Center",1,"Guided Imagery, Hypnotherapy, Life Coaching, Meditation, Past Life Regression","Guided Imagery,Hypnotherapy,Life Coaching,Meditation,Past Life Regression",,gd_healers,publish,,4,Never,,"110 Jefferson Blvd. Suite B","Warwick Rhode",Island,"United States",2888,41.7506827957061,-71.435039068098,,401-374-1890,,,,,,,,,,,,
2179,"Holistic Naturopathic Center",1,"Biofeedback, Blood Chemistry Analysis, EFT/TFT, Hair Analysis, Herbology,  Integrative Medicine, Iridology, Life Coaching, Naturopathy, NaturopathyNeuro-Linguistic Programming, Nutrition, Physical/Exercise Therapy, Reams Testing, Thermography, Wellness Centers","Biofeedback,Blood Chemistry Analysis,EFT/TFT,Hair Analysis,Herbology,Integrative Medicine,Iridology,Life Coaching,Naturopathy,NaturopathyNeuro-Linguistic Programming,Nutrition,Physical/Exercise Therapy,Reams Testing,Thermography,Wellness Centers",,gd_healers,publish,,4,Never,,"256 Colfax Ave","Clifton New",Jersey,"United States",7013,40.8699015878347,-74.1600837659339,,973-471-5758,,,,,,,,,,,,
2178,"Dr. James E. Miles FAM CTN ND",1,"Acupressure, Ayurveda, Chelation Therapy, Craniosacral Therapy, EFT/TFT, Energy Healing,  Healing, Touch, ,Herbology,  Homeopathy, Iridology, KinesiologyLife Coaching, Massage, Therapy, Medical Intuitive Naturopathy, NaturopathyNutrition, Reflexology, Therapeutic Touch, Traditional Chinese Medicine, Wellness Centers","Acupressure,Ayurveda,Chelation Therapy,Craniosacral Therapy,EFT/TFT,Energy Healing,Healing,Herbology,Homeopathy,Iridology,KinesiologyLife Coaching,Massage,Medical Intuitive Naturopathy,NaturopathyNutrition,Reflexology,Therapeutic Touch,Therapy,Touch,Traditional Chinese Medicine,Wellness Centers",,gd_healers,publish,,4,Never,,"1811 N. Austin Avenue Suite 203",Georgetown,Texas,"United States",78626,30.6600522420629,-97.668438434135,,512-868-9867,,,,,,,,,,,,
2177,"Midwest College of Oriental Medicine",1,"Acupressure, Acupuncture, Herbology, Integrative Medicine, Magnetic Therapy, Massage, Therapy, Nutrition, Tai Chi, , Traditional Chinese Medicine, Tui Na","Acupressure,Acupuncture,Herbology,Integrative Medicine,Magnetic Therapy,Massage,Nutrition,Tai Chi,Therapy,Traditional Chinese Medicine,Tui Na",,gd_healers,publish,,4,Never,,"1925 Washington Ave.",Racine,Wisconsin,"United States",53403,42.7142,-87.8024120342707,,262-898-1898,,,,,,,,,,,,
2176,"AOMA Graduate School of Integrative Medicine",1,"Acupressure, Acupuncture, Chiropractors, Herbology,  Integrative Medicine, Meditation, Nutrition, Reflexology, Tai Chi, , Traditional Chinese Medicine, Tui Na","Acupressure,Acupuncture,Chiropractors,Herbology,Integrative Medicine,Meditation,Nutrition,Reflexology,Tai Chi,Traditional Chinese Medicine,Tui Na",,gd_healers,publish,,4,Never,,"2700 W. Anderson Ln. #512",Austin,Texas,"United States",78757,30.3587824398513,-97.7363354612525,,512-467-0370,,,,,,,,,,,,
2175,"The Inner Space",1,"Channeling, Energy Healing,  Hypnotherapy, Medical Intuitive Metaphysics, Neuro-Linguistic Programming, Psychic, Reiki, Spiritual Counseling","Channeling,Energy Healing,Hypnotherapy,Intuitive / Psychic,Medical Intuitive Metaphysics,Neuro-Linguistic Programming,Reiki,Spiritual Counseling",,gd_healers,publish,,4,Never,,"6800 Roswell Road Suite 1-A",Atlanta,Georgia,"United States",30328,33.9398162162162,-84.3757837837838,,770-807-8080,,,,,,,,,,,,
2174,"Acupuncture, and NAETCenter",1,"Acupressure, Acupuncture, Addiction Treatments, Allergy Treatments, KinesiologyNAET","Acupressure,Acupuncture,Addiction Treatments,Allergy Treatments,KinesiologyNAET",,gd_healers,publish,,4,Never,,"8229 Boone Boulevard Suite 402",Vienna,Virginia,"United States",22182,38.914675144097,-77.2289249473845,,703-356-5764,,,,,,,,,,,,
2173,"Life Time Success 4 U",1,"Addiction Treatments, Allergy Treatments, EFT/TFT, Hypnotherapy, Life Coaching, Neuro-Linguistic Programming","Addiction Treatments,Allergy Treatments,EFT/TFT,Hypnotherapy,Life Coaching,Neuro-Linguistic Programming",,gd_healers,publish,,4,Never,,"1219 Millennium Center Parkway",Brandon,Florida,"United States",33511,27.9098,-82.2957,,813-808-2886,,,,,,,,,,,,
2172,"Acupuncture, & Alternative Healthcare",1,"Acupuncture, Addiction Treatments, Allergy Treatments, Biofeedback, Chiropractors, Electro-dermal Screening, Herbology,  Homeopathy, Laser Therapy, Light Therapy, Lymphatic Therapy, Massage, Therapy, MicroCurrent Natural Skin Treatments Nutrition","Acupuncture,Addiction Treatments,Allergy Treatments,Biofeedback,Chiropractors,Electro-dermal Screening,Herbology,Homeopathy,Laser Therapy,Light Therapy,Lymphatic Therapy,Massage,MicroCurrent Natural Skin Treatments Nutrition,Therapy",,gd_healers,publish,,4,Never,,"624 Talcottville Rd.",Vernon,Connecticut,"United States",6066,41.8605529411765,-72.4830470588235,,860-872-1312,,,,,,,,,,,,
2171,"Blueprint Healing, Arts â Integrative Medicine, & Dentistry Center",1,"Acupuncture, Addiction Treatments, Allergy Treatments, Aromatherapy, Ayurveda, Blood Chemistry Analysis, Breathwork, Distance Healing, EFT/TFT, EMDR, Energy Healing,  Flower Essences, Guided Imagery, Holistic Dentistry, Homeopathy, Hypnotherapy, Integrative Medicine, KinesiologyMeditation, Nutrition, Past Life Regression, Remote Healing, Wellness Centers","Acupuncture,Addiction Treatments,Allergy Treatments,Aromatherapy,Ayurveda,Blood Chemistry Analysis,Breathwork,Distance Healing,EFT/TFT,EMDR,Energy Healing,Flower Essences,Guided Imagery,Holistic Dentistry,Homeopathy,Hypnotherapy,Integrative Medicine,KinesiologyMeditation,Nutrition,Past Life Regression,Remote Healing,Wellness Centers",,gd_healers,publish,,4,Never,,"64-06 Fitchett Street","Rego Park","New York","United States",11374,40.7221,-73.8655,,718-275-4460,,,,,,,,,,,,
2170,"Renee Jennings MA MSW LISW LCSW CHt",1,"EMDR, Energy Clearing, Energy Healing,  Guided Imagery, Hypnotherapy, Life Coaching, Meditation, Past Life Regression, Psychotherapy, Reiki, Somatic Therapy, Spiritual Counseling","EMDR,Energy Clearing,Energy Healing,Guided Imagery,Hypnotherapy,Life Coaching,Meditation,Past Life Regression,Psychotherapy,Reiki,Somatic Therapy,Spiritual Counseling",,gd_healers,publish,,4,Never,,"1824 Murray Ave #210",Pittsburgh,Pennsylvania,"United States",15217,40.4367551020408,-79.9231,,216-375-7859,,,,,,,,,,,,
2169,"New York College of Traditional Chinese Medicine",1,"Herbology,  Traditional Chinese Medicine","Herbology,Traditional Chinese Medicine",,gd_healers,publish,,4,Never,,"13 E 37th St. 2nd flr","New York","New York","United States",10016,40.7451,-73.9783,,212-685-0888,,,,,,,,,,,,
2168,"Washington Institute of Natural Medicine",1,"Acupressure, Acupuncture, Aromatherapy, Colon Therapy, Craniosacral Therapy, Crystal Therapy, Detoxification Foot Bath, Distance Healing, Ear Coning, Energy Healing,  Feng Shui, Guided Imagery, Hair Analysis, Herbology,  Homeopathy, Hypnotherapy, Integrative Medicine, Iridology, KinesiologyLight Therapy, Life Coaching, Lymphatic Therapy, Magnetic Therapy,  Massage, Therapy, Medical Intuitive Meditation, Myofascial Release, Naturopathy, NaturopathyNHRT,  Nutrition, Past Life Regression, Psychic, Raindrop Therapy, Reflexology, Reiki, Remote Healing, Sound Therapy, Spiritual Counseling, Stone Massage, Traditional Chinese Medicine, Tui Na, Wellness Centers, Yoga","Acupressure,Acupuncture,Aromatherapy,Colon Therapy,Craniosacral Therapy,Crystal Therapy,Detoxification Foot Bath,Distance Healing,Ear Coning,Energy Healing,Feng Shui,Guided Imagery,Hair Analysis,Herbology,Homeopathy,Hypnotherapy,Integrative Medicine,Intuitive / Psychic,Iridology,KinesiologyLight Therapy,Life Coaching,Lymphatic Therapy,Magnetic Therapy,Massage,Medical Intuitive Meditation,Myofascial Release,Naturopathy,NaturopathyNHRT,Nutrition,Past Life Regression,Raindrop Therapy,Reflexology,Reiki,Remote Healing,Sound Therapy,Spiritual Counseling,Stone Massage,Therapy,Traditional Chinese Medicine,Tui Na,Wellness Centers,Yoga",,gd_healers,publish,,4,Never,,"8380 Colesville Rd. Suite 600","Silver Spring",Maryland,"United States",20910,38.9933868097123,-77.0330773822759,,202-686-8202,,,,,,,,,,,,
2167,"Alternative Health & Rehab Centre",1,"BioMeridian Testing, Chiropractors, Colon Therapy, Craniosacral Therapy, Detoxification Foot Bath, Hyperbaric Oxygen Therapy, Laser Therapy, Lymphatic Therapy, Massage, Therapy, MicroCurrent Myofascial Release, Natural Skin Treatments NHRT,  Nutrition, Physical/Exercise Therapy, Raindrop Therapy, Spinal Decompression, Stone Massage, Therapeutic Touch, Wellness Centers","BioMeridian Testing,Chiropractors,Colon Therapy,Craniosacral Therapy,Detoxification Foot Bath,Hyperbaric Oxygen Therapy,Laser Therapy,Lymphatic Therapy,Massage,MicroCurrent Myofascial Release,Natural Skin Treatments NHRT,Nutrition,Physical/Exercise Therapy,Raindrop Therapy,Spinal Decompression,Stone Massage,Therapeutic Touch,Therapy,Wellness Centers",,gd_healers,publish,,4,Never,,"2284 S. Ballenger Hwy Ste. F",Flint,Michigan,"United States",48503,42.9926696428571,-83.7329,,810-235-5181,,,,,,,,,,,,
2166,"All About Pets",1,"Acupressure, Acupuncture, Animal Health, Blood Chemistry Analysis, Herbology,  Homeopathy, Integrative Medicine, Laser Therapy, Nutrition, Traditional Chinese Medicine, Tui Na","Acupressure,Acupuncture,Animal Health,Blood Chemistry Analysis,Herbology,Homeopathy,Integrative Medicine,Laser Therapy,Nutrition,Traditional Chinese Medicine,Tui Na",,gd_healers,publish,,4,Never,,"409 Old Buncombe Rd.","Travelers Rest","South Carolina","United States",29690,34.9604545454545,-82.441,,864-834-7334,,,,,,,,,,,,
2165,"Tribeca Hypnosis & Healing, Institute",1,"Energy Healing,  Guided Imagery, Hypnotherapy, Life Coaching, Neuro-Linguistic Programming, Past Life Regression, Reiki, Spiritual Counseling","Energy Healing,Guided Imagery,Hypnotherapy,Life Coaching,Neuro-Linguistic Programming,Past Life Regression,Reiki,Spiritual Counseling",,gd_healers,publish,,4,Never,,"38 Tiffany Place Suite 4",Brooklyn,"New York","United States",11231,40.6868394427191,-74.0010538854382,,212-334-0299,,,,,,,,,,,,
2164,"Holistic Acupuncture, Clinic",1,"Acupressure, Acupuncture, Craniosacral Therapy, Energy Healing,  Herbology,  Magnetic Therapy,  MicroCurrent Qigong Spinal Decompression, Traditional Chinese Medicine","Acupressure,Acupuncture,Craniosacral Therapy,Energy Healing,Herbology,Magnetic Therapy,MicroCurrent Qigong Spinal Decompression,Traditional Chinese Medicine",,gd_healers,publish,,4,Never,,"1423 E. 7th Street",Charlotte,"North Carolina","United States",28204,35.2182641864522,-80.825271195716,,704-942-5300,,,,,,,,,,,,
2163,"Maryland University of Integrative Health",1,"Acupuncture, Herbology,  Nutrition, Traditional Chinese Medicine, Yoga","Acupuncture,Herbology,Nutrition,Traditional Chinese Medicine,Yoga",,gd_healers,publish,,4,Never,,"7750 Montpelier Road",Laurel,Maryland,"United States",20723,39.1604,-76.8931,,"410-888-9048 ext. 6614",,,,,,,,,,,,
2162,"Dr. Scott Keller D.C. PC.",1,"Acupressure, Addiction Treatments, Ayurveda, Chiropractors, Craniosacral Therapy, KinesiologyLaser Therapy, Metaphysics, Myofascial Release, Naprapathy, Nutrition, Osteopathy, Spiritual Counseling","Acupressure,Addiction Treatments,Ayurveda,Chiropractors,Craniosacral Therapy,KinesiologyLaser Therapy,Metaphysics,Myofascial Release,Naprapathy,Nutrition,Osteopathy,Spiritual Counseling",,gd_healers,publish,,4,Never,,"2805 Veterans Memorial Highway",Ronkonkoma,"New York","United States",11779,40.7966367058915,-73.1713525294186,,631-375-8702,,,,,,,,,,,,
2161,"Sandeep Herbal Ayurvedic",1,"Addiction Treatments, Allergy Treatments, Ayurveda, Brennan Healing, Science, Colon Therapy, Detoxification Foot Bath, Distance Healing, Ear Coning, Energy Healing,  Herbology,  Integrative Medicine, Iridology, Lymphatic Therapy, Naturopathy, NaturopathyNHRT,  Osteopathy, Polarity Therapy, Reflexology, Remote Healing","Addiction Treatments,Allergy Treatments,Ayurveda,Brennan Healing,Colon Therapy,Detoxification Foot Bath,Distance Healing,Ear Coning,Energy Healing,Herbology,Integrative Medicine,Iridology,Lymphatic Therapy,Naturopathy,NaturopathyNHRT,Osteopathy,Polarity Therapy,Reflexology,Remote Healing,Science",,gd_healers,publish,,4,Never,,"47-14 30th Ave",Astoria,"New York","United States",11103,40.7615,-73.9094,,718-766-8875,,,,,,,,,,,,
2160,"Tribeca Hypnosis & Healing, Institute",1,"Energy Healing,  Guided Imagery, Hypnotherapy, Life Coaching, Neuro-Linguistic Programming, Past Life Regression, Reiki, Spiritual Counseling","Energy Healing,Guided Imagery,Hypnotherapy,Life Coaching,Neuro-Linguistic Programming,Past Life Regression,Reiki,Spiritual Counseling",,gd_healers,publish,,4,Never,,"60 Beach St. Suite 5C","New York","New York","United States",10013,40.7205110682342,-74.0094009974231,,212-334-0299,,,,,,,,,,,,
1900,"Halley Elise",1,"<b>Welcome!</b>
With your busy schedule, it is nice of you to take the time to stop by. Before we go any further, Halley would like you to have a gift...

Take just a moment and think about something that at some point in your life made you very happy. . . Then close your eyes. . . Do your best to see that moment as if it were happening right now. . . Breathe in the sensations, sights, feelings, scents, touch, even savor taste.

Afterward, stay quiet for a moment, allowing yourself to just enjoy how that feels. You have just experienced a “Quicky”. (Quiet undisturbed independent concentrated knowledgeable you).

<b>So What Is An Empowerment Psychic?</b>

It is a person with Psychic abilities whose focus is on you, your contentment and your fulfillment in life; which includes all of your mind, body and spirit needs. Of course the usual applies; such as telling you if you will marry, or where your career is going.

<strong>The approach from the Empowerment Psychic</strong>

Halley Elise gives you not only information regarding your future, but gives you the power to make right now, along with your future as good as it can possibly be. Love, Money, Family, Health, ALL of it!

<b>Halley Elise’s Mission</b>
<ul>
	<li>To Serve</li>
	<li>To Inspire</li>
	<li>To share Universal wisdom</li>
	<li>To share Intuitive guidance</li>
	<li>To assist people in understanding &amp; discovering their own innate gifts &amp; unique presence in this world</li>
</ul>
<b>At The Office</b>
A personal session at the office may include intuitive methodologies or personal development training such as hypnosis &amp; auto suggestion. Other holistic and spiritual modalities such as breath work and visualization are also available.","Astrology,Intuitive / Psychic","Halley Elise,Psychics &amp; Astrologers",gd_healers,publish,,4,Never,,"5301 N Federal Hwy","Boca Raton",Florida,"United States",33487,26.3960076,-80.0773274,,+1-561-755-2166,,http://www.yelp.com/biz/halley-elise-boca-raton,,,,,,http://www.mannabliss.com/mb/wp-content/uploads/2015/07/l3.jpg,,,,
1897,"Du20 Holistic Oasis",1,"<h1>Offerings for Du20 Holistic Oasis</h1>
<div class=""menu-sections"">
<div class=""menu-section-header"">
<h2 id=""popular-services"">Popular Services</h2>
</div>
<div class=""menu-section"">
<div class=""media-block menu-item menu-item-no-photo menu-item-placeholder-photo"">
<div class=""media-story"">
<div class=""menu-item-details menu-item-details-narrow menu-item-no-photo"">
<h3>Massage Deep Tissue Massage</h3>
</div>
<div class=""menu-item-prices"">



30 min
55.00



</div>
</div>
</div>
<div class=""media-block menu-item menu-item-no-photo menu-item-placeholder-photo"">
<div class=""media-story"">
<div class=""menu-item-details menu-item-details-narrow menu-item-no-photo"">
<h3>Massage Geriatric</h3>
</div>
<div class=""menu-item-prices"">



30 min
55.00



</div>
</div>
</div>
<div class=""media-block menu-item menu-item-no-photo menu-item-placeholder-photo"">
<div class=""media-story"">
<div class=""menu-item-details menu-item-details-narrow menu-item-no-photo"">
<h3>Massage Myofascial Release</h3>
</div>
<div class=""menu-item-prices"">



30 min
55.00



</div>
</div>
</div>
<div class=""media-block menu-item menu-item-no-photo menu-item-placeholder-photo"">
<div class=""media-story"">
<div class=""menu-item-details menu-item-details-narrow menu-item-no-photo"">
<h3>Acupuncture Follow Up</h3>
</div>
<div class=""menu-item-prices"">



45 min
85.00



</div>
</div>
</div>
<div class=""media-block menu-item menu-item-no-photo menu-item-placeholder-photo"">
<div class=""media-story"">
<div class=""menu-item-details menu-item-details-narrow menu-item-no-photo"">
<h3>Acupuncture Initial Consult And Treatment</h3>
</div>
<div class=""menu-item-prices"">



1 hour
125.00



</div>
</div>
</div>
</div>
</div>","Acupressure,Acupuncture,Holistic,Massage","Acupuncture,Du20 Holistic Oasis,Massage",gd_healers,publish,,4,Never,,"103 NE 2nd Ave","Delray Beach",Florida,"United States",33444,26.4636552,-80.0708932,,+1-561-455-2147,,http://www.yelp.com/biz/du20-holistic-oasis-delray-beach,,,,,,http://www.mannabliss.com/mb/wp-content/uploads/2015/07/l2.jpg,,,,
